model,accuracy,precision,recall,f1_score,roc_auc,confusion_matrix
LogisticRegression,0.808,0.5891472868217055,0.18673218673218672,0.2835820895522388,0.7747994527655545,"[[1540, 53], [331, 76]]"
RandomForest,0.8635,0.7863247863247863,0.4520884520884521,0.5741029641185648,0.8536849638544555,"[[1543, 50], [223, 184]]"
